-- MySQL Script generated by MySQL Workbench
-- Wed Sep 27 17:24:23 2023
-- Model: New Model    Version: 1.0
-- MySQL Workbench Forward Engineering

SET @OLD_UNIQUE_CHECKS=@@UNIQUE_CHECKS, UNIQUE_CHECKS=0;
SET @OLD_FOREIGN_KEY_CHECKS=@@FOREIGN_KEY_CHECKS, FOREIGN_KEY_CHECKS=0;
SET @OLD_SQL_MODE=@@SQL_MODE, SQL_MODE='NO_ZERO_IN_DATE,NO_ZERO_DATE,NO_ENGINE_SUBSTITUTION'

-- -----------------------------------------------------
-- Schema dados
-- -----------------------------------------------------

-- -----------------------------------------------------
-- Schema dados
-- -----------------------------------------------------
CREATE SCHEMA IF NOT EXISTS `dados` DEFAULT CHARACTER SET utf8 ;
USE `dados` ;

-- -----------------------------------------------------
-- Table `dados`.`sede`
-- -----------------------------------------------------
DROP TABLE IF EXISTS `dados`.`sede` ;

CREATE TABLE IF NOT EXISTS `dados`.`sede` (
  `idsede` INT NOT NULL AUTO_INCREMENT,
  `nombre` VARCHAR(400) NULL,
  `puntaje` INT NOT NULL DEFAULT 0,
  `puntajeminimo` INT NULL,
  PRIMARY KEY (`idsede`))
ENGINE = InnoDB;


-- -----------------------------------------------------
-- Table `dados`.`estudiante`
-- -----------------------------------------------------
DROP TABLE IF EXISTS `dados`.`estudiante` ;

CREATE TABLE IF NOT EXISTS `dados`.`estudiante` (
  `idestudiante` INT NOT NULL AUTO_INCREMENT,
  `nombre` VARCHAR(300) NULL,
  `usuario` VARCHAR(45) NULL,
  `contrasenia` VARCHAR(45) NULL,
  `idsede` INT NULL,
  `logeado` DATETIME NOT NULL DEFAULT CURRENT_TIMESTAMP,
  `hash` VARCHAR(32) NULL,
  PRIMARY KEY (`idestudiante`),
  CONSTRAINT `fkestudiante_sede`
    FOREIGN KEY (`idsede`)
    REFERENCES `dados`.`sede` (`idsede`)
    ON DELETE NO ACTION
    ON UPDATE NO ACTION)
ENGINE = InnoDB;

CREATE INDEX `fkestudiante_sede_idx` ON `dados`.`estudiante` (`idsede` ASC) VISIBLE;

CREATE UNIQUE INDEX `unico` ON `dados`.`estudiante` (`usuario` ASC) VISIBLE;


-- -----------------------------------------------------
-- Table `dados`.`grado`
-- -----------------------------------------------------
DROP TABLE IF EXISTS `dados`.`grado` ;

CREATE TABLE IF NOT EXISTS `dados`.`grado` (
  `idgrado` INT NOT NULL AUTO_INCREMENT,
  `nombre` VARCHAR(45) NOT NULL,
  PRIMARY KEY (`idgrado`))
ENGINE = InnoDB;


-- -----------------------------------------------------
-- Table `dados`.`partido`
-- -----------------------------------------------------
DROP TABLE IF EXISTS `dados`.`partido` ;

CREATE TABLE IF NOT EXISTS `dados`.`partido` (
  `idpartido` INT NOT NULL AUTO_INCREMENT,
  `codigo` VARCHAR(300) NOT NULL,
  `enjuego` TINYINT NOT NULL DEFAULT 0,
  `estaactivo` TINYINT NOT NULL DEFAULT 0,
  `idsede` INT NOT NULL,
  `idgrado` INT NOT NULL,
  `numero` INT NOT NULL,
  `numerorondas` TINYINT NOT NULL DEFAULT 0,
  `fechacreacion` DATETIME NOT NULL DEFAULT current_timestamp,
  `finalizado` BIT NOT NULL DEFAULT 0,
  PRIMARY KEY (`idpartido`),
  CONSTRAINT `fkpartido_sede`
    FOREIGN KEY (`idsede`)
    REFERENCES `dados`.`sede` (`idsede`)
    ON DELETE NO ACTION
    ON UPDATE NO ACTION,
  CONSTRAINT `fkpartido_grado`
    FOREIGN KEY (`idgrado`)
    REFERENCES `dados`.`grado` (`idgrado`)
    ON DELETE NO ACTION
    ON UPDATE NO ACTION)
ENGINE = InnoDB;

CREATE UNIQUE INDEX `codigo_UNIQUE` ON `dados`.`partido` (`codigo` ASC) VISIBLE;

CREATE INDEX `fkpartido_sede_idx` ON `dados`.`partido` (`idsede` ASC) VISIBLE;

CREATE INDEX `fkpartido_grado_idx` ON `dados`.`partido` (`idgrado` ASC) VISIBLE;

CREATE UNIQUE INDEX `grupo_UNIQUE` ON `dados`.`partido` (`idsede` ASC, `idgrado` ASC, `numero` ASC) VISIBLE;


-- -----------------------------------------------------
-- Table `dados`.`registro`
-- -----------------------------------------------------
DROP TABLE IF EXISTS `dados`.`registro` ;

CREATE TABLE IF NOT EXISTS `dados`.`registro` (
  `idregistro` INT NOT NULL AUTO_INCREMENT,
  `idestudiante` INT NOT NULL,
  `idpartido` INT NOT NULL,
  `on` BIT NOT NULL DEFAULT 0,
  `update` DATETIME NOT NULL DEFAULT current_timestamp,
  PRIMARY KEY (`idregistro`),
  CONSTRAINT `fkregistropartido`
    FOREIGN KEY (`idpartido`)
    REFERENCES `dados`.`partido` (`idpartido`)
    ON DELETE NO ACTION
    ON UPDATE NO ACTION,
  CONSTRAINT `fkregistroestudiante`
    FOREIGN KEY (`idestudiante`)
    REFERENCES `dados`.`estudiante` (`idestudiante`)
    ON DELETE NO ACTION
    ON UPDATE NO ACTION)
ENGINE = InnoDB;

CREATE UNIQUE INDEX `idestudiante_idpartido_unique` ON `dados`.`registro` (`idestudiante` ASC, `idpartido` ASC) VISIBLE;

CREATE INDEX `fkregistropartido_idx` ON `dados`.`registro` (`idpartido` ASC) VISIBLE;


-- -----------------------------------------------------
-- Table `dados`.`estadopregunta`
-- -----------------------------------------------------
DROP TABLE IF EXISTS `dados`.`estadopregunta` ;

CREATE TABLE IF NOT EXISTS `dados`.`estadopregunta` (
  `idestadopregunta` INT NOT NULL AUTO_INCREMENT,
  `descripcion` VARCHAR(45) NULL,
  PRIMARY KEY (`idestadopregunta`))
ENGINE = InnoDB;


-- -----------------------------------------------------
-- Table `dados`.`pregunta`
-- -----------------------------------------------------
DROP TABLE IF EXISTS `dados`.`pregunta` ;

CREATE TABLE IF NOT EXISTS `dados`.`pregunta` (
  `idpregunta` INT NOT NULL AUTO_INCREMENT,
  `idpartido` INT NOT NULL,
  `idestadopregunta` INT NOT NULL,
  `dadouno` TINYINT NULL,
  `dadodos` TINYINT NULL,
  `dadotres` TINYINT NULL,
  `dadocuatro` TINYINT NULL,
  `fecharegistro` DATETIME NOT NULL DEFAULT CURRENT_TIMESTAMP,
  `numero` TINYINT NULL,
  `activo` BIT NOT NULL DEFAULT 1,
  PRIMARY KEY (`idpregunta`),
  CONSTRAINT `fkpreguntapartido`
    FOREIGN KEY (`idpartido`)
    REFERENCES `dados`.`partido` (`idpartido`)
    ON DELETE NO ACTION
    ON UPDATE NO ACTION,
  CONSTRAINT `fkpreguntaestadopregunta`
    FOREIGN KEY (`idestadopregunta`)
    REFERENCES `dados`.`estadopregunta` (`idestadopregunta`)
    ON DELETE NO ACTION
    ON UPDATE NO ACTION)
ENGINE = InnoDB;

CREATE INDEX `fkpreguntapartido_idx` ON `dados`.`pregunta` (`idpartido` ASC) VISIBLE;

CREATE INDEX `fkpreguntaestadopregunta_idx` ON `dados`.`pregunta` (`idestadopregunta` ASC) VISIBLE;


-- -----------------------------------------------------
-- Table `dados`.`respuesta`
-- -----------------------------------------------------
DROP TABLE IF EXISTS `dados`.`respuesta` ;

CREATE TABLE IF NOT EXISTS `dados`.`respuesta` (
  `idrespuesta` INT NOT NULL AUTO_INCREMENT,
  `correcta` TINYINT NOT NULL,
  `idpregunta` INT NOT NULL,
  `idregistro` INT NOT NULL,
  `fecharegistro` DATETIME NOT NULL,
  `respuesta` VARCHAR(20) NULL,
  PRIMARY KEY (`idrespuesta`),
  CONSTRAINT `fkrespuestapregunta`
    FOREIGN KEY (`idpregunta`)
    REFERENCES `dados`.`pregunta` (`idpregunta`)
    ON DELETE NO ACTION
    ON UPDATE NO ACTION,
  CONSTRAINT `fkrespuestaregistro`
    FOREIGN KEY (`idregistro`)
    REFERENCES `dados`.`registro` (`idregistro`)
    ON DELETE NO ACTION
    ON UPDATE NO ACTION)
ENGINE = InnoDB;

CREATE INDEX `fkrespuestapregunta_idx` ON `dados`.`respuesta` (`idpregunta` ASC) VISIBLE;

CREATE INDEX `fkrespuestaregistro_idx` ON `dados`.`respuesta` (`idregistro` ASC) VISIBLE;

CREATE UNIQUE INDEX `UNIQUE_registro_pregunta` ON `dados`.`respuesta` (`idpregunta` ASC, `idregistro` ASC) VISIBLE;


-- -----------------------------------------------------
-- Table `dados`.`enfrentamiento`
-- -----------------------------------------------------
DROP TABLE IF EXISTS `dados`.`enfrentamiento` ;

CREATE TABLE IF NOT EXISTS `dados`.`enfrentamiento` (
  `idenfrentamiento` INT NOT NULL AUTO_INCREMENT,
  `idregistro` INT NULL,
  `idpartido` INT NULL,
  `numero` TINYINT NULL,
  `ronda` TINYINT NULL,
  `puntaje` TINYINT NOT NULL DEFAULT 0,
  PRIMARY KEY (`idenfrentamiento`),
  CONSTRAINT `fkenfrentamientopartido`
    FOREIGN KEY (`idpartido`)
    REFERENCES `dados`.`partido` (`idpartido`)
    ON DELETE NO ACTION
    ON UPDATE NO ACTION,
  CONSTRAINT `fkenfrentamientoregistro`
    FOREIGN KEY (`idregistro`)
    REFERENCES `dados`.`registro` (`idregistro`)
    ON DELETE NO ACTION
    ON UPDATE NO ACTION)
ENGINE = InnoDB;

CREATE INDEX `fkenfrentamientopartido_idx` ON `dados`.`enfrentamiento` (`idpartido` ASC) VISIBLE;

CREATE INDEX `fkenfrentamientoregistro_idx` ON `dados`.`enfrentamiento` (`idregistro` ASC) VISIBLE;


-- -----------------------------------------------------
-- Table `dados`.`puntaje`
-- -----------------------------------------------------
DROP TABLE IF EXISTS `dados`.`puntaje` ;

CREATE TABLE IF NOT EXISTS `dados`.`puntaje` (
  `idpuntaje` INT NOT NULL AUTO_INCREMENT,
  `idregistro` INT NOT NULL,
  `puntaje` TINYINT NOT NULL,
  `tiempopromedio` DOUBLE(4,2) NOT NULL,
  PRIMARY KEY (`idpuntaje`),
  CONSTRAINT `fkpuntaje_registro`
    FOREIGN KEY (`idregistro`)
    REFERENCES `dados`.`registro` (`idregistro`)
    ON DELETE NO ACTION
    ON UPDATE NO ACTION)
ENGINE = InnoDB;

CREATE INDEX `fkpuntaje_registro_idx` ON `dados`.`puntaje` (`idregistro` ASC) VISIBLE;


-- -----------------------------------------------------
-- Table `dados`.`versus`
-- -----------------------------------------------------
DROP TABLE IF EXISTS `dados`.`versus` ;

CREATE TABLE IF NOT EXISTS `dados`.`versus` (
  `idversus` INT NOT NULL AUTO_INCREMENT,
  `idenfrentamiento` INT NULL,
  PRIMARY KEY (`idversus`),
  CONSTRAINT `fkversus_enfrentamiento`
    FOREIGN KEY (`idenfrentamiento`)
    REFERENCES `dados`.`enfrentamiento` (`idenfrentamiento`)
    ON DELETE NO ACTION
    ON UPDATE NO ACTION)
ENGINE = InnoDB;

CREATE INDEX `fkversusenfrentamiento_idx` ON `dados`.`versus` (`idenfrentamiento` ASC) VISIBLE;


-- -----------------------------------------------------
-- Table `dados`.`signo`
-- -----------------------------------------------------
DROP TABLE IF EXISTS `dados`.`signo` ;

CREATE TABLE IF NOT EXISTS `dados`.`signo` (
  `idsigno` INT NOT NULL AUTO_INCREMENT,
  `idversus` INT NOT NULL,
  `i` TINYINT NULL,
  `x` INT NULL,
  `y` INT NULL,
  `xi` INT NULL,
  `yi` INT NULL,
  `tipo` BIT NULL,
  PRIMARY KEY (`idsigno`),
  CONSTRAINT `fksigno_versus`
    FOREIGN KEY (`idversus`)
    REFERENCES `dados`.`versus` (`idversus`)
    ON DELETE NO ACTION
    ON UPDATE NO ACTION)
ENGINE = InnoDB;

CREATE INDEX `fksigno_versus_idx` ON `dados`.`signo` (`idversus` ASC) VISIBLE;


-- -----------------------------------------------------
-- Table `dados`.`puntajesede`
-- -----------------------------------------------------
DROP TABLE IF EXISTS `dados`.`puntajesede` ;

CREATE TABLE IF NOT EXISTS `dados`.`puntajesede` (
  `idpuntajesede` INT NOT NULL AUTO_INCREMENT,
  `idsede` INT NOT NULL,
  `idestudiante` INT NOT NULL,
  `fecharegistro` DATETIME NOT NULL,
  `correcto` TINYINT NULL,
  PRIMARY KEY (`idpuntajesede`),
  CONSTRAINT `fk_puntajesede_sede`
    FOREIGN KEY (`idsede`)
    REFERENCES `dados`.`sede` (`idsede`)
    ON DELETE NO ACTION
    ON UPDATE NO ACTION,
  CONSTRAINT `fk_puntajesede_estudiante`
    FOREIGN KEY (`idestudiante`)
    REFERENCES `dados`.`estudiante` (`idestudiante`)
    ON DELETE NO ACTION
    ON UPDATE NO ACTION)
ENGINE = InnoDB;

CREATE INDEX `fk_puntajesede_estudiante_idx` ON `dados`.`puntajesede` (`idestudiante` ASC) VISIBLE;

CREATE INDEX `fk_puntajesede_sede_idx` ON `dados`.`puntajesede` (`idsede` ASC) VISIBLE;


-- -----------------------------------------------------
-- Table `dados`.`diagnostico`
-- -----------------------------------------------------
DROP TABLE IF EXISTS `dados`.`diagnostico` ;

CREATE TABLE IF NOT EXISTS `dados`.`diagnostico` (
  `iddiagnostico` INT NOT NULL AUTO_INCREMENT,
  `idestudiante` INT NOT NULL,
  `fechainicio` DATETIME NULL,
  `fechafin` DATETIME NULL,
  PRIMARY KEY (`iddiagnostico`),
  CONSTRAINT `fk_diagnostico_estudiante`
    FOREIGN KEY (`idestudiante`)
    REFERENCES `dados`.`estudiante` (`idestudiante`)
    ON DELETE NO ACTION
    ON UPDATE NO ACTION)
ENGINE = InnoDB;

CREATE INDEX `fk_diagnostico_estudiante_idx` ON `dados`.`diagnostico` (`idestudiante` ASC) VISIBLE;


-- -----------------------------------------------------
-- Table `dados`.`preguntabase`
-- -----------------------------------------------------
DROP TABLE IF EXISTS `dados`.`preguntabase` ;

CREATE TABLE IF NOT EXISTS `dados`.`preguntabase` (
  `idpreguntabase` INT NOT NULL AUTO_INCREMENT,
  `dadouno` TINYINT NULL,
  `dadodos` TINYINT NULL,
  `dadotres` TINYINT NULL,
  `dadocuatro` TINYINT NULL,
  `numero` TINYINT NULL,
  PRIMARY KEY (`idpreguntabase`))
ENGINE = InnoDB;


-- -----------------------------------------------------
-- Table `dados`.`diagnosticopregunta`
-- -----------------------------------------------------
DROP TABLE IF EXISTS `dados`.`diagnosticopregunta` ;

CREATE TABLE IF NOT EXISTS `dados`.`diagnosticopregunta` (
  `iddiagnosticopregunta` INT NOT NULL AUTO_INCREMENT,
  `iddiagnostico` INT NOT NULL,
  `idpreguntabase` INT NOT NULL,
  `fechainicio` DATETIME NULL,
  `fechafin` DATETIME NULL,
  `correcta` TINYINT NULL,
  PRIMARY KEY (`iddiagnosticopregunta`),
  CONSTRAINT `fk_diagnosticopregunta_diagnostico`
    FOREIGN KEY (`iddiagnostico`)
    REFERENCES `dados`.`diagnostico` (`iddiagnostico`)
    ON DELETE NO ACTION
    ON UPDATE NO ACTION,
  CONSTRAINT `fk_diagnosticopregunta_preguntabase`
    FOREIGN KEY (`idpreguntabase`)
    REFERENCES `dados`.`preguntabase` (`idpreguntabase`)
    ON DELETE NO ACTION
    ON UPDATE NO ACTION)
ENGINE = InnoDB;

CREATE INDEX `fk_diagnosticopregunta_diagnostico_idx` ON `dados`.`diagnosticopregunta` (`iddiagnostico` ASC) VISIBLE;

CREATE INDEX `fk_diagnosticopregunta_preguntabase_idx` ON `dados`.`diagnosticopregunta` (`idpreguntabase` ASC) VISIBLE;


-- -----------------------------------------------------
-- Table `dados`.`registro_estudiante`
-- -----------------------------------------------------
DROP TABLE IF EXISTS `dados`.`registro_estudiante` ;

CREATE TABLE IF NOT EXISTS `dados`.`registro_estudiante` (
  `habilitado` BIT NOT NULL,
  PRIMARY KEY (`habilitado`))
ENGINE = InnoDB;


SET SQL_MODE=@OLD_SQL_MODE;
SET FOREIGN_KEY_CHECKS=@OLD_FOREIGN_KEY_CHECKS;
SET UNIQUE_CHECKS=@OLD_UNIQUE_CHECKS;

-- -----------------------------------------------------
-- Data for table `dados`.`sede`
-- -----------------------------------------------------
START TRANSACTION;
USE `dados`;
INSERT INTO `dados`.`sede` (`idsede`, `nombre`, `puntaje`, `puntajeminimo`) VALUES (1, 'Chapinero N°19', 0, 1940);
INSERT INTO `dados`.`sede` (`idsede`, `nombre`, `puntaje`, `puntajeminimo`) VALUES (2, 'Escuela Kennedy N°47', 0, 2900);
INSERT INTO `dados`.`sede` (`idsede`, `nombre`, `puntaje`, `puntajeminimo`) VALUES (3, 'Rosal', 0, 1240);
INSERT INTO `dados`.`sede` (`idsede`, `nombre`, `puntaje`, `puntajeminimo`) VALUES (4, 'Jose Celestino Mutis', 0, 1760);

COMMIT;


-- -----------------------------------------------------
-- Data for table `dados`.`estudiante`
-- -----------------------------------------------------
START TRANSACTION;
USE `dados`;
INSERT INTO `dados`.`estudiante` (`idestudiante`, `nombre`, `usuario`, `contrasenia`, `idsede`, `logeado`, `hash`) VALUES (1, 'ANGARITA YA?EZ VALERIE NATALIA', '1092949045', 'valerie06', 1, '2021-04-20 22:34:51', 'null');
INSERT INTO `dados`.`estudiante` (`idestudiante`, `nombre`, `usuario`, `contrasenia`, `idsede`, `logeado`, `hash`) VALUES (2, 'BAEZ MOLINA LUNA VALENTINA', '1094056275', 'luna1105', 1, '2021-04-20 22:34:51', 'null');
INSERT INTO `dados`.`estudiante` (`idestudiante`, `nombre`, `usuario`, `contrasenia`, `idsede`, `logeado`, `hash`) VALUES (3, 'BONILLA SANDOVAL JHONIERE SANTIAGO', '1091983284', 'jb040210', 1, '2021-04-20 22:34:51', 'null');
INSERT INTO `dados`.`estudiante` (`idestudiante`, `nombre`, `usuario`, `contrasenia`, `idsede`, `logeado`, `hash`) VALUES (4, 'DIAZ GUTIERREZ DANNA JULIETH', '1091976261', '1912danna', 1, '2021-04-20 22:34:51', 'null');
INSERT INTO `dados`.`estudiante` (`idestudiante`, `nombre`, `usuario`, `contrasenia`, `idsede`, `logeado`, `hash`) VALUES (5, 'DURAN MADARIAGA JESUS SANTIAGO', '1091982153', 'jd102021', 1, '2021-04-20 22:34:51', 'null');
INSERT INTO `dados`.`estudiante` (`idestudiante`, `nombre`, `usuario`, `contrasenia`, `idsede`, `logeado`, `hash`) VALUES (6, 'GIL RODRIGUEZ JUSTIN ESTIWAR', '1094057464', 'Jegr1124', 1, '2021-04-20 22:34:51', 'null');
INSERT INTO `dados`.`estudiante` (`idestudiante`, `nombre`, `usuario`, `contrasenia`, `idsede`, `logeado`, `hash`) VALUES (7, 'GOMEZ SIERRA SAMANTHA VALENTINA', '1094056781', 'samanthag0301', 1, '2021-04-20 22:34:51', 'null');
INSERT INTO `dados`.`estudiante` (`idestudiante`, `nombre`, `usuario`, `contrasenia`, `idsede`, `logeado`, `hash`) VALUES (8, 'GRANADOS ROZO JEFRY ALEJANDRO', '1093600937', 'JG5*2411', 1, '2021-04-20 22:34:51', 'null');
INSERT INTO `dados`.`estudiante` (`idestudiante`, `nombre`, `usuario`, `contrasenia`, `idsede`, `logeado`, `hash`) VALUES (9, 'HIGUERA ABRIL SHAROL ESLENDY', '1091981288', 'sharol0623', 1, '2021-04-20 22:34:51', 'null');
INSERT INTO `dados`.`estudiante` (`idestudiante`, `nombre`, `usuario`, `contrasenia`, `idsede`, `logeado`, `hash`) VALUES (10, 'MAHECHA MERCADO DANIEL ANDRES', '1090457375', 'danielm1107', 1, '2021-04-20 22:34:51', 'null');
INSERT INTO `dados`.`estudiante` (`idestudiante`, `nombre`, `usuario`, `contrasenia`, `idsede`, `logeado`, `hash`) VALUES (11, 'MANDON MORALES CRISMAIRY FERNANDA', '1091373485', 'cris0708', 1, '2021-04-20 22:34:51', 'null');
INSERT INTO `dados`.`estudiante` (`idestudiante`, `nombre`, `usuario`, `contrasenia`, `idsede`, `logeado`, `hash`) VALUES (12, 'MARQUEZ ALARCON KEISY GHIRONETH', '1094055939', 'keisymarquez', 1, '2021-04-20 22:34:51', 'null');
INSERT INTO `dados`.`estudiante` (`idestudiante`, `nombre`, `usuario`, `contrasenia`, `idsede`, `logeado`, `hash`) VALUES (13, 'MORENO PE?ARANDA DAVID ALEJANDRO', '1093303240', '1090382276', 1, '2021-04-20 22:34:51', 'null');
INSERT INTO `dados`.`estudiante` (`idestudiante`, `nombre`, `usuario`, `contrasenia`, `idsede`, `logeado`, `hash`) VALUES (14, 'OCHOA LISCANO BREYNNER', '1098722416', 'breynner123', 1, '2021-04-20 22:34:51', 'null');
INSERT INTO `dados`.`estudiante` (`idestudiante`, `nombre`, `usuario`, `contrasenia`, `idsede`, `logeado`, `hash`) VALUES (15, 'PINO SUESCUN YOJAN ALEXIS', '1094057319', '10940573', 1, '2021-04-20 22:34:51', 'null');
INSERT INTO `dados`.`estudiante` (`idestudiante`, `nombre`, `usuario`, `contrasenia`, `idsede`, `logeado`, `hash`) VALUES (16, 'QUINTERO LIZARAZO SANTIAGO ANDREY', '1091984603', 'santi0830', 1, '2021-04-20 22:34:51', 'null');
INSERT INTO `dados`.`estudiante` (`idestudiante`, `nombre`, `usuario`, `contrasenia`, `idsede`, `logeado`, `hash`) VALUES (17, 'RUEDA PEREZ DANNA VALENTINA', '1093792627', '1093792627', 1, '2021-04-20 22:34:51', 'null');
INSERT INTO `dados`.`estudiante` (`idestudiante`, `nombre`, `usuario`, `contrasenia`, `idsede`, `logeado`, `hash`) VALUES (18, 'SUAREZ PE?ARANDA JAICYN JASBLEIDY', '1092537409', 'JAYCIN1711', 1, '2021-04-20 22:34:51', 'null');
INSERT INTO `dados`.`estudiante` (`idestudiante`, `nombre`, `usuario`, `contrasenia`, `idsede`, `logeado`, `hash`) VALUES (19, 'TUTA LEON ANGELA LUCIA', '1091983862', '1010029873', 1, '2021-04-20 22:34:51', 'null');
INSERT INTO `dados`.`estudiante` (`idestudiante`, `nombre`, `usuario`, `contrasenia`, `idsede`, `logeado`, `hash`) VALUES (20, 'VEGA COLMENARES DIEGO ALEJANDRO', '1091983996', 'diego625', 1, '2021-04-20 22:34:51', 'null');
INSERT INTO `dados`.`estudiante` (`idestudiante`, `nombre`, `usuario`, `contrasenia`, `idsede`, `logeado`, `hash`) VALUES (21, 'VICTORIA TORRES AVRILL', '1091981140', 'av130610', 1, '2021-04-20 22:34:51', 'null');
INSERT INTO `dados`.`estudiante` (`idestudiante`, `nombre`, `usuario`, `contrasenia`, `idsede`, `logeado`, `hash`) VALUES (22, 'VILLEGAS VASQUEZ DANNA VALENTINA', '1092539275', '17may2011', 1, '2021-04-20 22:34:51', 'null');
INSERT INTO `dados`.`estudiante` (`idestudiante`, `nombre`, `usuario`, `contrasenia`, `idsede`, `logeado`, `hash`) VALUES (23, 'ALARCON SUAREZ JHOAN SEBASTIAN', '1094057512', 'ja082711', 1, '2021-04-20 22:34:51', 'null');
INSERT INTO `dados`.`estudiante` (`idestudiante`, `nombre`, `usuario`, `contrasenia`, `idsede`, `logeado`, `hash`) VALUES (24, 'ALBA CASTELLANOS JULIAN FELIPE', '1092944928', 'julianalba', 1, '2021-04-20 22:34:51', 'null');
INSERT INTO `dados`.`estudiante` (`idestudiante`, `nombre`, `usuario`, `contrasenia`, `idsede`, `logeado`, `hash`) VALUES (25, 'ALZATE CASTA?EDA JOEL DAVID', '1091984180', 'joelalzate0607', 1, '2021-04-20 22:34:51', 'null');
INSERT INTO `dados`.`estudiante` (`idestudiante`, `nombre`, `usuario`, `contrasenia`, `idsede`, `logeado`, `hash`) VALUES (26, 'ARDILA JIMENEZ JOSTIN ALEJANDRO', '1092949336', 'jostin2021', 1, '2021-04-20 22:34:51', 'null');
INSERT INTO `dados`.`estudiante` (`idestudiante`, `nombre`, `usuario`, `contrasenia`, `idsede`, `logeado`, `hash`) VALUES (27, 'BASTO PACHECO YISLEINER SARAY', '1091982181', '26yisleiner', 1, '2021-04-20 22:34:51', 'null');
INSERT INTO `dados`.`estudiante` (`idestudiante`, `nombre`, `usuario`, `contrasenia`, `idsede`, `logeado`, `hash`) VALUES (28, 'CARDENAS BOTELLO KIMBERLY FABIANA', '1090524226', '2901kimberlyn', 1, '2021-04-20 22:34:51', 'null');
INSERT INTO `dados`.`estudiante` (`idestudiante`, `nombre`, `usuario`, `contrasenia`, `idsede`, `logeado`, `hash`) VALUES (29, 'CARRASCAL BAUTISTA CRISTIAN EDUARDO', '1091367460', 'cristiancarrascal', 1, '2021-04-20 22:34:51', 'null');
INSERT INTO `dados`.`estudiante` (`idestudiante`, `nombre`, `usuario`, `contrasenia`, `idsede`, `logeado`, `hash`) VALUES (30, 'CARVAJAL SOLANO YUDERKY SARAY', '1091983419', 'YSCS0425', 1, '2021-04-20 22:34:51', 'null');
INSERT INTO `dados`.`estudiante` (`idestudiante`, `nombre`, `usuario`, `contrasenia`, `idsede`, `logeado`, `hash`) VALUES (31, 'COBOS DIAZ YENCY TALIANA', '1092949007', 'yencytaliana', 1, '2021-04-20 22:34:51', 'null');
INSERT INTO `dados`.`estudiante` (`idestudiante`, `nombre`, `usuario`, `contrasenia`, `idsede`, `logeado`, `hash`) VALUES (32, 'CORZO JEREZ DANNA ISABELLA', '1092539427', 'danna12072011', 1, '2021-04-20 22:34:51', 'null');
INSERT INTO `dados`.`estudiante` (`idestudiante`, `nombre`, `usuario`, `contrasenia`, `idsede`, `logeado`, `hash`) VALUES (33, 'DAVID ROLON ESTEBAN', '1091982150', '1091982150', 1, '2021-04-20 22:34:51', 'null');
INSERT INTO `dados`.`estudiante` (`idestudiante`, `nombre`, `usuario`, `contrasenia`, `idsede`, `logeado`, `hash`) VALUES (34, 'JEREZ CUBIDES OMAR ARLEY', '1092539580', 'oj0819', 1, '2021-04-20 22:34:51', 'null');
INSERT INTO `dados`.`estudiante` (`idestudiante`, `nombre`, `usuario`, `contrasenia`, `idsede`, `logeado`, `hash`) VALUES (35, 'LAGUADO NAVARRO JUAN ALBERTO', '1093303726', 'jl051128', 1, '2021-04-20 22:34:51', 'null');
INSERT INTO `dados`.`estudiante` (`idestudiante`, `nombre`, `usuario`, `contrasenia`, `idsede`, `logeado`, `hash`) VALUES (36, 'MENES PLAZA CARLOS LUIS', '42423012009', '11133041', 1, '2021-04-20 22:34:51', 'null');
INSERT INTO `dados`.`estudiante` (`idestudiante`, `nombre`, `usuario`, `contrasenia`, `idsede`, `logeado`, `hash`) VALUES (37, 'NAVARRO ORTIZ SLENDY VALENTINA', '1091982747', '17532218', 1, '2021-04-20 22:34:51', 'null');
INSERT INTO `dados`.`estudiante` (`idestudiante`, `nombre`, `usuario`, `contrasenia`, `idsede`, `logeado`, `hash`) VALUES (38, 'OTALORA QUINTERO JOHAN LEONARDO', '1091983702', '75813054', 1, '2021-04-20 22:34:51', 'null');
INSERT INTO `dados`.`estudiante` (`idestudiante`, `nombre`, `usuario`, `contrasenia`, `idsede`, `logeado`, `hash`) VALUES (39, 'QUINTANA SEPULVEDA SERGIO ALEXIS', '1092946232', 'sergioquintana', 1, '2021-04-20 22:34:51', 'null');
INSERT INTO `dados`.`estudiante` (`idestudiante`, `nombre`, `usuario`, `contrasenia`, `idsede`, `logeado`, `hash`) VALUES (40, 'ROMAN GUEVARA CRISMAR ANDREA', '1148214464', 'nexcy0107', 1, '2021-04-20 22:34:51', 'null');
INSERT INTO `dados`.`estudiante` (`idestudiante`, `nombre`, `usuario`, `contrasenia`, `idsede`, `logeado`, `hash`) VALUES (41, 'SEPULVEDA RIVERA TANIA GISEL', '1091984656', 'kxXMEPWQ', 1, '2021-04-20 22:34:51', 'null');
INSERT INTO `dados`.`estudiante` (`idestudiante`, `nombre`, `usuario`, `contrasenia`, `idsede`, `logeado`, `hash`) VALUES (42, 'ZAMBRANO ORTIZ JHON ALEX', '1126425673', 'jhon123456', 1, '2021-04-20 22:34:51', 'null');
INSERT INTO `dados`.`estudiante` (`idestudiante`, `nombre`, `usuario`, `contrasenia`, `idsede`, `logeado`, `hash`) VALUES (43, 'ALVAREZ DURAN ILEXIS THAILY', '1093601876', 'ia050610', 1, '2021-04-20 22:34:51', 'null');
INSERT INTO `dados`.`estudiante` (`idestudiante`, `nombre`, `usuario`, `contrasenia`, `idsede`, `logeado`, `hash`) VALUES (44, 'DUARTE TARAZONA NICOL VALENTINA', '1091362537', 'nicol123', 1, '2021-04-20 22:34:51', 'null');
INSERT INTO `dados`.`estudiante` (`idestudiante`, `nombre`, `usuario`, `contrasenia`, `idsede`, `logeado`, `hash`) VALUES (45, 'GALVIS DUQUE ASTRID CAROLINA', '1093602188', 'a7dutMM5', 1, '2021-04-20 22:34:51', 'null');
INSERT INTO `dados`.`estudiante` (`idestudiante`, `nombre`, `usuario`, `contrasenia`, `idsede`, `logeado`, `hash`) VALUES (46, 'GOMEZ SANCHEZ CARLOS ABNER', '1094048810', 'carlos12', 1, '2021-04-20 22:34:51', 'null');
INSERT INTO `dados`.`estudiante` (`idestudiante`, `nombre`, `usuario`, `contrasenia`, `idsede`, `logeado`, `hash`) VALUES (47, 'MOROS QUINTERO ORLIMAR BRILLITE', '589808', 'om0308mq', 1, '2021-04-20 22:34:51', 'null');
INSERT INTO `dados`.`estudiante` (`idestudiante`, `nombre`, `usuario`, `contrasenia`, `idsede`, `logeado`, `hash`) VALUES (48, 'NI?O ALVAREZ SHAROL DANIELA', '1127053389', '0713shar', 1, '2021-04-20 22:34:51', 'null');
INSERT INTO `dados`.`estudiante` (`idestudiante`, `nombre`, `usuario`, `contrasenia`, `idsede`, `logeado`, `hash`) VALUES (49, 'PINEDA ZAMBRANO BRAYAN SANTIAGO', '1091362808', 'brayanpineda05', 1, '2021-04-20 22:34:51', 'null');
INSERT INTO `dados`.`estudiante` (`idestudiante`, `nombre`, `usuario`, `contrasenia`, `idsede`, `logeado`, `hash`) VALUES (50, 'PORTILLO ESCRIBA WILLIAM FABRIZIO', '1125348842', 'fabrizio22e', 1, '2021-04-20 22:34:51', 'null');
INSERT INTO `dados`.`estudiante` (`idestudiante`, `nombre`, `usuario`, `contrasenia`, `idsede`, `logeado`, `hash`) VALUES (51, 'SERRANO ORTEGA KEVIN YULIAN', '1093601841', 'kevin2011', 1, '2021-04-20 22:34:51', 'null');
INSERT INTO `dados`.`estudiante` (`idestudiante`, `nombre`, `usuario`, `contrasenia`, `idsede`, `logeado`, `hash`) VALUES (52, 'ALVAREZ VERJEL DARIANA ISABELLA', '1094057501', 'isa070911', 2, '2021-04-20 22:34:51', 'null');
INSERT INTO `dados`.`estudiante` (`idestudiante`, `nombre`, `usuario`, `contrasenia`, `idsede`, `logeado`, `hash`) VALUES (53, 'BELTRAN JARAMILLO SANTIAGO', '1075265024', 'Santiago2010', 2, '2021-04-20 22:34:51', 'null');
INSERT INTO `dados`.`estudiante` (`idestudiante`, `nombre`, `usuario`, `contrasenia`, `idsede`, `logeado`, `hash`) VALUES (54, 'BENITEZ REMOLINA JHOJAN SNEIDER', '1091982881', 'jhojan#10', 2, '2021-04-20 22:34:51', 'null');
INSERT INTO `dados`.`estudiante` (`idestudiante`, `nombre`, `usuario`, `contrasenia`, `idsede`, `logeado`, `hash`) VALUES (55, 'GARCIA SANDOVAL JUAN STHEVAN', '1092539464', 'jsgs4711', 2, '2021-04-20 22:34:51', 'null');
INSERT INTO `dados`.`estudiante` (`idestudiante`, `nombre`, `usuario`, `contrasenia`, `idsede`, `logeado`, `hash`) VALUES (56, 'GUTIERREZ COBOS DANA VALENTINA', '1091363853', '1730lalagunad', 2, '2021-04-20 22:34:51', 'null');
INSERT INTO `dados`.`estudiante` (`idestudiante`, `nombre`, `usuario`, `contrasenia`, `idsede`, `logeado`, `hash`) VALUES (57, 'HERRERA MARTINEZ YOJAN NICOLAS', '1094057016', 'nico0804', 2, '2021-04-20 22:34:51', 'null');
INSERT INTO `dados`.`estudiante` (`idestudiante`, `nombre`, `usuario`, `contrasenia`, `idsede`, `logeado`, `hash`) VALUES (58, 'PACHECO PACHECO DANNA ISABELLA', '1093302916', 'kJ3fpXjZ', 2, '2021-04-20 22:34:51', 'null');
INSERT INTO `dados`.`estudiante` (`idestudiante`, `nombre`, `usuario`, `contrasenia`, `idsede`, `logeado`, `hash`) VALUES (59, 'PEREZ BADILLO MARIAJOSE', '1092539299', '1092539299', 2, '2021-04-20 22:34:51', 'null');
INSERT INTO `dados`.`estudiante` (`idestudiante`, `nombre`, `usuario`, `contrasenia`, `idsede`, `logeado`, `hash`) VALUES (60, 'VERA MARTINEZ MICHEL DANIELA', '1093599229', '1093599229', 2, '2021-04-20 22:34:51', 'null');
INSERT INTO `dados`.`estudiante` (`idestudiante`, `nombre`, `usuario`, `contrasenia`, `idsede`, `logeado`, `hash`) VALUES (61, 'VILLAMARIN QUINTANA GABRIELA STEPHANIE', '1092538358', 'gv201012', 2, '2021-04-20 22:34:51', 'null');
INSERT INTO `dados`.`estudiante` (`idestudiante`, `nombre`, `usuario`, `contrasenia`, `idsede`, `logeado`, `hash`) VALUES (62, 'VILLAMIZAR ALVAREZ MARIA GABRIELA', '1093600255', '1093600255', 2, '2021-04-20 22:34:51', 'null');
INSERT INTO `dados`.`estudiante` (`idestudiante`, `nombre`, `usuario`, `contrasenia`, `idsede`, `logeado`, `hash`) VALUES (63, 'BACCA GUERRERO DIEGO YECID', '1090460517', 'yecid0218', 2, '2021-04-20 22:34:51', 'null');
INSERT INTO `dados`.`estudiante` (`idestudiante`, `nombre`, `usuario`, `contrasenia`, `idsede`, `logeado`, `hash`) VALUES (64, 'DELGADO MORA YAIR ALEXANDER', '1091983541', 'leidy0313', 2, '2021-04-20 22:34:51', 'null');
INSERT INTO `dados`.`estudiante` (`idestudiante`, `nombre`, `usuario`, `contrasenia`, `idsede`, `logeado`, `hash`) VALUES (65, 'FERRER AREIZA MARIANGEL', '1092949716', 'mariangel29', 2, '2021-04-20 22:34:51', 'null');
INSERT INTO `dados`.`estudiante` (`idestudiante`, `nombre`, `usuario`, `contrasenia`, `idsede`, `logeado`, `hash`) VALUES (66, 'FIGUEROA PUNDOR JUAN KARLOS', '1092950719', 'juankarlosF', 2, '2021-04-20 22:34:51', 'null');
INSERT INTO `dados`.`estudiante` (`idestudiante`, `nombre`, `usuario`, `contrasenia`, `idsede`, `logeado`, `hash`) VALUES (67, 'LAGUADO PANIAGUA CRISTIAN ARLEY', '1092537585', '2010cristian', 2, '2021-04-20 22:34:51', 'null');
INSERT INTO `dados`.`estudiante` (`idestudiante`, `nombre`, `usuario`, `contrasenia`, `idsede`, `logeado`, `hash`) VALUES (68, 'MANTILLA TORRES ALEXANDRA VALENTINA', '1093303962', 'Valen2021', 2, '2021-04-20 22:34:51', 'null');
INSERT INTO `dados`.`estudiante` (`idestudiante`, `nombre`, `usuario`, `contrasenia`, `idsede`, `logeado`, `hash`) VALUES (69, 'ORTIZ MENDOZA THOMAS LEONARDO', '1094056254', 'thomasortiz', 2, '2021-04-20 22:34:51', 'null');
INSERT INTO `dados`.`estudiante` (`idestudiante`, `nombre`, `usuario`, `contrasenia`, `idsede`, `logeado`, `hash`) VALUES (70, 'ORTIZ YA?EZ YONNIER SEBASTIAN', '1093600673', 'yonnier20', 2, '2021-04-20 22:34:51', 'null');
INSERT INTO `dados`.`estudiante` (`idestudiante`, `nombre`, `usuario`, `contrasenia`, `idsede`, `logeado`, `hash`) VALUES (71, 'PEREZ FLOREZ JOSE FERNANDO', '1093303994', 'josefernando', 2, '2021-04-20 22:34:51', 'null');
INSERT INTO `dados`.`estudiante` (`idestudiante`, `nombre`, `usuario`, `contrasenia`, `idsede`, `logeado`, `hash`) VALUES (72, 'SANCHEZ ALVAREZ MAY JUNIOR', '1091983819', '1091983819', 2, '2021-04-20 22:34:51', 'null');
INSERT INTO `dados`.`estudiante` (`idestudiante`, `nombre`, `usuario`, `contrasenia`, `idsede`, `logeado`, `hash`) VALUES (73, 'SANCHEZ MEJIA KAROL SOFIA', '1092947597', 'karolsofia0528', 2, '2021-04-20 22:34:51', 'null');
INSERT INTO `dados`.`estudiante` (`idestudiante`, `nombre`, `usuario`, `contrasenia`, `idsede`, `logeado`, `hash`) VALUES (74, 'APARICIO GUTIERREZ PATRICIA EMPERATRIZ', '4270394', 'patypaty2879', 2, '2021-04-20 22:34:51', 'null');
INSERT INTO `dados`.`estudiante` (`idestudiante`, `nombre`, `usuario`, `contrasenia`, `idsede`, `logeado`, `hash`) VALUES (75, 'AREVALO TAMAYO MIGUEL ANGEL', '1094057376', 'ma0806..', 2, '2021-04-20 22:34:51', 'null');
INSERT INTO `dados`.`estudiante` (`idestudiante`, `nombre`, `usuario`, `contrasenia`, `idsede`, `logeado`, `hash`) VALUES (76, 'BARRERA AGUINAGA DAILIN ANDREA', '1127057380', 'Be79crT7', 2, '2021-04-20 22:34:51', 'null');
INSERT INTO `dados`.`estudiante` (`idestudiante`, `nombre`, `usuario`, `contrasenia`, `idsede`, `logeado`, `hash`) VALUES (77, 'CARDENAS VILLAMIZAR NASLY VALENTINA', '1091982321', 'nvcv1107', 2, '2021-04-20 22:34:51', 'null');
INSERT INTO `dados`.`estudiante` (`idestudiante`, `nombre`, `usuario`, `contrasenia`, `idsede`, `logeado`, `hash`) VALUES (78, 'CARRASCAL ACOSTA BRYAM SEBASTIAN', '1090987338', 'bc20100905', 2, '2021-04-20 22:34:51', 'null');
INSERT INTO `dados`.`estudiante` (`idestudiante`, `nombre`, `usuario`, `contrasenia`, `idsede`, `logeado`, `hash`) VALUES (79, 'GARCIA JIMENEZ AGMETH ISAAC', '1093601412', '1093601412', 2, '2021-04-20 22:34:51', 'null');
INSERT INTO `dados`.`estudiante` (`idestudiante`, `nombre`, `usuario`, `contrasenia`, `idsede`, `logeado`, `hash`) VALUES (80, 'IBARRA VILLAMIZAR CARLOS SANTIAGO', '5567070', 'carlosibarra10', 2, '2021-04-20 22:34:51', 'null');
INSERT INTO `dados`.`estudiante` (`idestudiante`, `nombre`, `usuario`, `contrasenia`, `idsede`, `logeado`, `hash`) VALUES (81, 'LLANES VACA DANNI SANTIAGO', '1093601792', 'dannillanes0608', 2, '2021-04-20 22:34:51', 'null');
INSERT INTO `dados`.`estudiante` (`idestudiante`, `nombre`, `usuario`, `contrasenia`, `idsede`, `logeado`, `hash`) VALUES (82, 'MATAJIRA CASTRO MARIAN SOFIA', '1093768960', '3143642394', 2, '2021-04-20 22:34:51', 'null');
INSERT INTO `dados`.`estudiante` (`idestudiante`, `nombre`, `usuario`, `contrasenia`, `idsede`, `logeado`, `hash`) VALUES (83, 'MELO ESTUPI?AN DANNA SOFIA', '1093762163', 'sofia2010', 2, '2021-04-20 22:34:51', 'null');
INSERT INTO `dados`.`estudiante` (`idestudiante`, `nombre`, `usuario`, `contrasenia`, `idsede`, `logeado`, `hash`) VALUES (84, 'NOVA GUERRERO JANAKEER WILDREY', '1116498571', 'janawi21', 2, '2021-04-20 22:34:51', 'null');
INSERT INTO `dados`.`estudiante` (`idestudiante`, `nombre`, `usuario`, `contrasenia`, `idsede`, `logeado`, `hash`) VALUES (85, 'PABON PARRA NICOLAS', '1091986022', 'nicolas222', 2, '2021-04-20 22:34:51', 'null');
INSERT INTO `dados`.`estudiante` (`idestudiante`, `nombre`, `usuario`, `contrasenia`, `idsede`, `logeado`, `hash`) VALUES (86, 'PEREZ SUAREZ JESUS ESTIVEN', '1092948594', 'estiven8594', 2, '2021-04-20 22:34:51', 'null');
INSERT INTO `dados`.`estudiante` (`idestudiante`, `nombre`, `usuario`, `contrasenia`, `idsede`, `logeado`, `hash`) VALUES (87, 'RODRIGUEZ RIVAS KEVIN STEVIN', '1092387539', 'ks92387539', 2, '2021-04-20 22:34:51', 'null');
INSERT INTO `dados`.`estudiante` (`idestudiante`, `nombre`, `usuario`, `contrasenia`, `idsede`, `logeado`, `hash`) VALUES (88, 'SANTANA GOMEZ JEYKON YADIEL', '1094056855', 'gomez1090', 2, '2021-04-20 22:34:51', 'null');
INSERT INTO `dados`.`estudiante` (`idestudiante`, `nombre`, `usuario`, `contrasenia`, `idsede`, `logeado`, `hash`) VALUES (89, 'URIBE GUTIERREZ KEYLER DANIEL', '1092538838', 'kdug1912', 2, '2021-04-20 22:34:51', 'null');
INSERT INTO `dados`.`estudiante` (`idestudiante`, `nombre`, `usuario`, `contrasenia`, `idsede`, `logeado`, `hash`) VALUES (90, 'BRICE?O JAIMES SOFIA', '1093302812', 'sb100511', 2, '2021-04-20 22:34:51', 'null');
INSERT INTO `dados`.`estudiante` (`idestudiante`, `nombre`, `usuario`, `contrasenia`, `idsede`, `logeado`, `hash`) VALUES (91, 'CASTILLO NORIEGA DULCE MARIA', '1093601458', 'dulce1003', 2, '2021-04-20 22:34:51', 'null');
INSERT INTO `dados`.`estudiante` (`idestudiante`, `nombre`, `usuario`, `contrasenia`, `idsede`, `logeado`, `hash`) VALUES (92, 'DEVIA PEREZ ASHLY SOFIA', '1092539052', 'dp110309', 2, '2021-04-20 22:34:51', 'null');
INSERT INTO `dados`.`estudiante` (`idestudiante`, `nombre`, `usuario`, `contrasenia`, `idsede`, `logeado`, `hash`) VALUES (93, 'HERNANDEZ RAMIREZ GERMAN ELIECER', '1093598834', 'gh0509german', 2, '2021-04-20 22:34:51', 'null');
INSERT INTO `dados`.`estudiante` (`idestudiante`, `nombre`, `usuario`, `contrasenia`, `idsede`, `logeado`, `hash`) VALUES (94, 'MERCHAN VERNAZA GISELL SARAY', '1093302711', 'gs201008', 2, '2021-04-20 22:34:51', 'null');
INSERT INTO `dados`.`estudiante` (`idestudiante`, `nombre`, `usuario`, `contrasenia`, `idsede`, `logeado`, `hash`) VALUES (95, 'MU?OZ GONZALEZ CESAR DAVID', '1091983383', 'CDMG1204', 2, '2021-04-20 22:34:51', 'null');
INSERT INTO `dados`.`estudiante` (`idestudiante`, `nombre`, `usuario`, `contrasenia`, `idsede`, `logeado`, `hash`) VALUES (96, 'NORIEGA PEREZ KLEVER GERALD', '1092947885', 'kleminer', 2, '2021-05-02 13:52:43', 'f3f124ca451caaa039cacfd968b0873d');
INSERT INTO `dados`.`estudiante` (`idestudiante`, `nombre`, `usuario`, `contrasenia`, `idsede`, `logeado`, `hash`) VALUES (97, 'QUINTERO ARTEAGA NAOMI NICOLE', '3586250', 'nq012510', 2, '2021-04-20 22:34:51', 'null');
INSERT INTO `dados`.`estudiante` (`idestudiante`, `nombre`, `usuario`, `contrasenia`, `idsede`, `logeado`, `hash`) VALUES (98, 'RUIZ VELASCO JASHER SEBASTIAN', '1093599408', 'sebas2701', 2, '2021-04-20 22:34:51', 'null');
INSERT INTO `dados`.`estudiante` (`idestudiante`, `nombre`, `usuario`, `contrasenia`, `idsede`, `logeado`, `hash`) VALUES (99, 'YA?EZ FONSECA LAURA ESTEFANY', '1092948306', 'laurafonseca', 2, '2021-04-20 22:34:51', 'null');
INSERT INTO `dados`.`estudiante` (`idestudiante`, `nombre`, `usuario`, `contrasenia`, `idsede`, `logeado`, `hash`) VALUES (100, 'AGUILERA QUINTERO JESUS RAFAEL', '1091982174', 'jraq1028', 3, '2021-04-20 22:34:51', 'null');
INSERT INTO `dados`.`estudiante` (`idestudiante`, `nombre`, `usuario`, `contrasenia`, `idsede`, `logeado`, `hash`) VALUES (101, 'CORREDOR CARAGSHARA JUAN ESTEBAN', '1090466475', 'M19Jc60#', 3, '2021-04-20 22:34:51', 'null');
INSERT INTO `dados`.`estudiante` (`idestudiante`, `nombre`, `usuario`, `contrasenia`, `idsede`, `logeado`, `hash`) VALUES (102, 'LOPEZ PINZON ALEJANDRO', '1092948280', 'cucuta1090', 3, '2021-04-20 22:34:51', 'null');
INSERT INTO `dados`.`estudiante` (`idestudiante`, `nombre`, `usuario`, `contrasenia`, `idsede`, `logeado`, `hash`) VALUES (103, 'MAHECHA ORTEGA JEIDY TALIANA', '1115735408', 'Jeidy3004', 3, '2021-04-20 22:34:51', 'null');
INSERT INTO `dados`.`estudiante` (`idestudiante`, `nombre`, `usuario`, `contrasenia`, `idsede`, `logeado`, `hash`) VALUES (104, 'PEREZ MONTAGUTH YEILI TALIANA', '1091364512', '6034yeili', 3, '2021-04-20 22:34:51', 'null');
INSERT INTO `dados`.`estudiante` (`idestudiante`, `nombre`, `usuario`, `contrasenia`, `idsede`, `logeado`, `hash`) VALUES (105, 'PINZON CETINA FREDDY SNEYDER', '1091363361', 'd06m11sneyder', 3, '2021-04-20 22:34:51', 'null');
INSERT INTO `dados`.`estudiante` (`idestudiante`, `nombre`, `usuario`, `contrasenia`, `idsede`, `logeado`, `hash`) VALUES (106, 'QUINTO PABON JHONNATAN', '1090467982', '1090467982', 3, '2021-04-20 22:34:51', 'null');
INSERT INTO `dados`.`estudiante` (`idestudiante`, `nombre`, `usuario`, `contrasenia`, `idsede`, `logeado`, `hash`) VALUES (107, 'SANCHEZ BARBOSA GABRIEL FERNANDO', '1092952188', 'Gabriel88', 3, '2021-04-20 22:34:51', 'null');
INSERT INTO `dados`.`estudiante` (`idestudiante`, `nombre`, `usuario`, `contrasenia`, `idsede`, `logeado`, `hash`) VALUES (108, 'VARGAS IBARRA SAYER SANTIAGO', '1091363736', 'sayer123', 3, '2021-04-20 22:34:51', 'null');
INSERT INTO `dados`.`estudiante` (`idestudiante`, `nombre`, `usuario`, `contrasenia`, `idsede`, `logeado`, `hash`) VALUES (109, 'CUELLAR LLANEZ DANNA GABRIELA', '1093302436', '7072010', 3, '2021-04-20 22:34:51', 'null');
INSERT INTO `dados`.`estudiante` (`idestudiante`, `nombre`, `usuario`, `contrasenia`, `idsede`, `logeado`, `hash`) VALUES (110, 'DUGARTE AGUEDO DIEGO ANDRES', '1126428026', 'Andresd9', 3, '2021-04-20 22:34:51', 'null');
INSERT INTO `dados`.`estudiante` (`idestudiante`, `nombre`, `usuario`, `contrasenia`, `idsede`, `logeado`, `hash`) VALUES (111, 'LOBO SOTO EILEEN MANUELA', '1090523566', '31123821', 3, '2021-04-20 22:34:51', 'null');
INSERT INTO `dados`.`estudiante` (`idestudiante`, `nombre`, `usuario`, `contrasenia`, `idsede`, `logeado`, `hash`) VALUES (112, 'LOPEZ ZAMBRANO NELSON LUIS', '4995018', 'nelson1234', 3, '2021-04-20 22:34:51', 'null');
INSERT INTO `dados`.`estudiante` (`idestudiante`, `nombre`, `usuario`, `contrasenia`, `idsede`, `logeado`, `hash`) VALUES (113, 'ORTIZ RODRIGUEZ JOHAN SEBASTIAN', '1127350397', 'jsor2010', 3, '2021-04-20 22:34:51', 'null');
INSERT INTO `dados`.`estudiante` (`idestudiante`, `nombre`, `usuario`, `contrasenia`, `idsede`, `logeado`, `hash`) VALUES (114, 'ROJAS CONTRERAS MARIA CAMILA', '1094222429', 'cami2403', 3, '2021-04-20 22:34:51', 'null');
INSERT INTO `dados`.`estudiante` (`idestudiante`, `nombre`, `usuario`, `contrasenia`, `idsede`, `logeado`, `hash`) VALUES (115, 'SARMIENTO ESTRADA JUAN JOSE', '1090444320', '200904js', 3, '2021-04-20 22:34:51', 'null');
INSERT INTO `dados`.`estudiante` (`idestudiante`, `nombre`, `usuario`, `contrasenia`, `idsede`, `logeado`, `hash`) VALUES (116, 'ALVARADO PEREZ YORLADY DANERIS', '1091983334', 'ya0325pd', 4, '2021-04-20 22:34:51', 'null');
INSERT INTO `dados`.`estudiante` (`idestudiante`, `nombre`, `usuario`, `contrasenia`, `idsede`, `logeado`, `hash`) VALUES (117, 'ARANGO BAEZ JAYDER STEVEN', '1091981434', '1093746824', 4, '2021-04-20 22:34:51', 'null');
INSERT INTO `dados`.`estudiante` (`idestudiante`, `nombre`, `usuario`, `contrasenia`, `idsede`, `logeado`, `hash`) VALUES (118, 'BAUTISTA BAEZ VALERIA SOFIA', '1092538243', 'vasobaba', 4, '2021-04-20 22:34:51', 'null');
INSERT INTO `dados`.`estudiante` (`idestudiante`, `nombre`, `usuario`, `contrasenia`, `idsede`, `logeado`, `hash`) VALUES (119, 'DIAZ MARQUEZ YUSTIN SPENCER', '1092535667', '19871olson', 4, '2021-04-20 22:34:51', 'null');
INSERT INTO `dados`.`estudiante` (`idestudiante`, `nombre`, `usuario`, `contrasenia`, `idsede`, `logeado`, `hash`) VALUES (120, 'FERREIRA SANJUAN JOSE LEANDRO', '1091984182', 'jlfs2011', 4, '2021-04-20 22:34:51', 'null');
INSERT INTO `dados`.`estudiante` (`idestudiante`, `nombre`, `usuario`, `contrasenia`, `idsede`, `logeado`, `hash`) VALUES (121, 'FONSECA CA?IZALES NEXYMAR SOFIA', '1126906532', '3114717082', 4, '2021-04-20 22:34:51', 'null');
INSERT INTO `dados`.`estudiante` (`idestudiante`, `nombre`, `usuario`, `contrasenia`, `idsede`, `logeado`, `hash`) VALUES (122, 'GARCIA RAMIREZ DREYNERT ELIAS', '1094056079', '29DREYNERT', 4, '2021-04-20 22:34:51', 'null');
INSERT INTO `dados`.`estudiante` (`idestudiante`, `nombre`, `usuario`, `contrasenia`, `idsede`, `logeado`, `hash`) VALUES (123, 'GUERRERO PRADA DANNA NYCOLL', '1091983376', 'Danna3376', 4, '2021-04-20 22:34:51', 'null');
INSERT INTO `dados`.`estudiante` (`idestudiante`, `nombre`, `usuario`, `contrasenia`, `idsede`, `logeado`, `hash`) VALUES (124, 'ORTEGA FIGUEROA LIONEL SANTIAGO', '1091984696', 'lionel0722', 4, '2021-04-20 22:34:51', 'null');
INSERT INTO `dados`.`estudiante` (`idestudiante`, `nombre`, `usuario`, `contrasenia`, `idsede`, `logeado`, `hash`) VALUES (125, 'SOLANO RINCON JUAN SEBASTIAN', '1094056305', 'JUAN0288*', 4, '2021-04-20 22:34:51', 'null');
INSERT INTO `dados`.`estudiante` (`idestudiante`, `nombre`, `usuario`, `contrasenia`, `idsede`, `logeado`, `hash`) VALUES (126, 'VERGARA ARIAS CHRISTIAN RENE', '1107081388', 'Christian11', 4, '2021-04-20 22:34:51', 'null');
INSERT INTO `dados`.`estudiante` (`idestudiante`, `nombre`, `usuario`, `contrasenia`, `idsede`, `logeado`, `hash`) VALUES (127, 'BARAJAS MENDEZ MARIA CAMILA', '1093303820', 'mariacamila502', 4, '2021-04-20 22:34:51', 'null');
INSERT INTO `dados`.`estudiante` (`idestudiante`, `nombre`, `usuario`, `contrasenia`, `idsede`, `logeado`, `hash`) VALUES (128, 'BAUTISTA LOPEZ MAYNOR SANTIAGO', '1093302782', 'maynor456', 4, '2021-04-20 22:34:51', 'null');
INSERT INTO `dados`.`estudiante` (`idestudiante`, `nombre`, `usuario`, `contrasenia`, `idsede`, `logeado`, `hash`) VALUES (129, 'DIAZ MARQUEZ YHOINER STEPHEN', '1092538001', '19871olson', 4, '2021-04-20 22:34:51', 'null');
INSERT INTO `dados`.`estudiante` (`idestudiante`, `nombre`, `usuario`, `contrasenia`, `idsede`, `logeado`, `hash`) VALUES (130, 'JAIMES JULIO ISAAC JUNIOR', '1094056307', 'junior21', 4, '2021-04-20 22:34:51', 'null');
INSERT INTO `dados`.`estudiante` (`idestudiante`, `nombre`, `usuario`, `contrasenia`, `idsede`, `logeado`, `hash`) VALUES (131, 'MONTERO CARRASCAL SANTIAGO ANDRES', '1093303749', 'montero21', 4, '2021-04-20 22:34:51', 'null');
INSERT INTO `dados`.`estudiante` (`idestudiante`, `nombre`, `usuario`, `contrasenia`, `idsede`, `logeado`, `hash`) VALUES (132, 'PEREZ CUARAN JHONATAN ANDREY', '1091983631', 'jp082514', 4, '2021-04-20 22:34:51', 'null');
INSERT INTO `dados`.`estudiante` (`idestudiante`, `nombre`, `usuario`, `contrasenia`, `idsede`, `logeado`, `hash`) VALUES (133, 'VELOZA CARRILLO JULIAN ARTURO', '1094054396', '1094054396', 4, '2021-04-20 22:34:51', 'null');
INSERT INTO `dados`.`estudiante` (`idestudiante`, `nombre`, `usuario`, `contrasenia`, `idsede`, `logeado`, `hash`) VALUES (134, 'BOTELLO HERNANDEZ SNEIDER LEANDRO', '1092539410', 'sneieder06', 4, '2021-04-20 22:34:51', 'null');
INSERT INTO `dados`.`estudiante` (`idestudiante`, `nombre`, `usuario`, `contrasenia`, `idsede`, `logeado`, `hash`) VALUES (135, 'FRANCIA JAIMES JAVIERLIS BRIKEI', '1094354100', 'jbfj1005', 4, '2021-04-20 22:34:51', 'null');
INSERT INTO `dados`.`estudiante` (`idestudiante`, `nombre`, `usuario`, `contrasenia`, `idsede`, `logeado`, `hash`) VALUES (136, 'LOPEZ CASTILLO MARLYN JURANIT', '1091361860', 'marlinyuranit2009', 4, '2021-04-20 22:34:51', 'null');
INSERT INTO `dados`.`estudiante` (`idestudiante`, `nombre`, `usuario`, `contrasenia`, `idsede`, `logeado`, `hash`) VALUES (137, 'MONTES MONTERO YHON ALEX', '838392223042008', 'yhonmontes2304', 4, '2021-04-20 22:34:51', 'null');
INSERT INTO `dados`.`estudiante` (`idestudiante`, `nombre`, `usuario`, `contrasenia`, `idsede`, `logeado`, `hash`) VALUES (138, 'OLIVARES CARRE?O BRAYAN ELIECER', '805351303012011', 'olivares', 4, '2021-04-20 22:34:51', 'null');
INSERT INTO `dados`.`estudiante` (`idestudiante`, `nombre`, `usuario`, `contrasenia`, `idsede`, `logeado`, `hash`) VALUES (139, 'VELOZA SALCEDO CAMILO ANDRES', '1093595702', 'Camilo123', 4, '2021-04-20 22:34:51', 'null');

COMMIT;


-- -----------------------------------------------------
-- Data for table `dados`.`grado`
-- -----------------------------------------------------
START TRANSACTION;
USE `dados`;
INSERT INTO `dados`.`grado` (`idgrado`, `nombre`) VALUES (1, 'Quinto');

COMMIT;


-- -----------------------------------------------------
-- Data for table `dados`.`estadopregunta`
-- -----------------------------------------------------
START TRANSACTION;
USE `dados`;
INSERT INTO `dados`.`estadopregunta` (`idestadopregunta`, `descripcion`) VALUES (1, 'activa');
INSERT INTO `dados`.`estadopregunta` (`idestadopregunta`, `descripcion`) VALUES (2, 'cerrada');
INSERT INTO `dados`.`estadopregunta` (`idestadopregunta`, `descripcion`) VALUES (3, 'salto');

COMMIT;


-- -----------------------------------------------------
-- Data for table `dados`.`versus`
-- -----------------------------------------------------
START TRANSACTION;
USE `dados`;
INSERT INTO `dados`.`versus` (`idversus`, `idenfrentamiento`) VALUES (1, NULL);
INSERT INTO `dados`.`versus` (`idversus`, `idenfrentamiento`) VALUES (2, NULL);

COMMIT;


-- -----------------------------------------------------
-- Data for table `dados`.`signo`
-- -----------------------------------------------------
START TRANSACTION;
USE `dados`;
INSERT INTO `dados`.`signo` (`idsigno`, `idversus`, `i`, `x`, `y`, `xi`, `yi`, `tipo`) VALUES (1, 1, 0, 50, 220, 50, 220, 1);
INSERT INTO `dados`.`signo` (`idsigno`, `idversus`, `i`, `x`, `y`, `xi`, `yi`, `tipo`) VALUES (2, 1, 1, 50, 220, 50, 220, 1);
INSERT INTO `dados`.`signo` (`idsigno`, `idversus`, `i`, `x`, `y`, `xi`, `yi`, `tipo`) VALUES (3, 1, 2, 50, 220, 50, 220, 1);
INSERT INTO `dados`.`signo` (`idsigno`, `idversus`, `i`, `x`, `y`, `xi`, `yi`, `tipo`) VALUES (4, 1, 3, 110, 220, 110, 220, 1);
INSERT INTO `dados`.`signo` (`idsigno`, `idversus`, `i`, `x`, `y`, `xi`, `yi`, `tipo`) VALUES (5, 1, 4, 110, 220, 110, 220, 1);
INSERT INTO `dados`.`signo` (`idsigno`, `idversus`, `i`, `x`, `y`, `xi`, `yi`, `tipo`) VALUES (6, 1, 5, 110, 220, 110, 220, 1);
INSERT INTO `dados`.`signo` (`idsigno`, `idversus`, `i`, `x`, `y`, `xi`, `yi`, `tipo`) VALUES (7, 1, 6, 170, 220, 170, 220, 1);
INSERT INTO `dados`.`signo` (`idsigno`, `idversus`, `i`, `x`, `y`, `xi`, `yi`, `tipo`) VALUES (8, 1, 7, 170, 220, 170, 220, 1);
INSERT INTO `dados`.`signo` (`idsigno`, `idversus`, `i`, `x`, `y`, `xi`, `yi`, `tipo`) VALUES (9, 1, 8, 170, 220, 170, 220, 1);
INSERT INTO `dados`.`signo` (`idsigno`, `idversus`, `i`, `x`, `y`, `xi`, `yi`, `tipo`) VALUES (10, 1, 9, 230, 220, 230, 220, 1);
INSERT INTO `dados`.`signo` (`idsigno`, `idversus`, `i`, `x`, `y`, `xi`, `yi`, `tipo`) VALUES (11, 1, 10, 230, 220, 230, 220, 1);
INSERT INTO `dados`.`signo` (`idsigno`, `idversus`, `i`, `x`, `y`, `xi`, `yi`, `tipo`) VALUES (12, 1, 11, 230, 220, 230, 220, 1);
INSERT INTO `dados`.`signo` (`idsigno`, `idversus`, `i`, `x`, `y`, `xi`, `yi`, `tipo`) VALUES (13, 1, 12, 310, 220, 310, 220, 1);
INSERT INTO `dados`.`signo` (`idsigno`, `idversus`, `i`, `x`, `y`, `xi`, `yi`, `tipo`) VALUES (14, 1, 13, 310, 220, 310, 220, 1);
INSERT INTO `dados`.`signo` (`idsigno`, `idversus`, `i`, `x`, `y`, `xi`, `yi`, `tipo`) VALUES (15, 1, 14, 280, 220, 280, 220, 1);
INSERT INTO `dados`.`signo` (`idsigno`, `idversus`, `i`, `x`, `y`, `xi`, `yi`, `tipo`) VALUES (16, 1, 15, 280, 220, 280, 220, 1);
INSERT INTO `dados`.`signo` (`idsigno`, `idversus`, `i`, `x`, `y`, `xi`, `yi`, `tipo`) VALUES (21, 2, 0, 50, 220, 50, 220, 1);
INSERT INTO `dados`.`signo` (`idsigno`, `idversus`, `i`, `x`, `y`, `xi`, `yi`, `tipo`) VALUES (22, 2, 1, 50, 220, 50, 220, 1);
INSERT INTO `dados`.`signo` (`idsigno`, `idversus`, `i`, `x`, `y`, `xi`, `yi`, `tipo`) VALUES (23, 2, 2, 50, 220, 50, 220, 1);
INSERT INTO `dados`.`signo` (`idsigno`, `idversus`, `i`, `x`, `y`, `xi`, `yi`, `tipo`) VALUES (24, 2, 3, 110, 220, 110, 220, 1);
INSERT INTO `dados`.`signo` (`idsigno`, `idversus`, `i`, `x`, `y`, `xi`, `yi`, `tipo`) VALUES (25, 2, 4, 110, 220, 110, 220, 1);
INSERT INTO `dados`.`signo` (`idsigno`, `idversus`, `i`, `x`, `y`, `xi`, `yi`, `tipo`) VALUES (26, 2, 5, 110, 220, 110, 220, 1);
INSERT INTO `dados`.`signo` (`idsigno`, `idversus`, `i`, `x`, `y`, `xi`, `yi`, `tipo`) VALUES (27, 2, 6, 170, 220, 170, 220, 1);
INSERT INTO `dados`.`signo` (`idsigno`, `idversus`, `i`, `x`, `y`, `xi`, `yi`, `tipo`) VALUES (28, 2, 7, 170, 220, 170, 220, 1);
INSERT INTO `dados`.`signo` (`idsigno`, `idversus`, `i`, `x`, `y`, `xi`, `yi`, `tipo`) VALUES (29, 2, 8, 170, 220, 170, 220, 1);
INSERT INTO `dados`.`signo` (`idsigno`, `idversus`, `i`, `x`, `y`, `xi`, `yi`, `tipo`) VALUES (30, 2, 9, 230, 220, 230, 220, 1);
INSERT INTO `dados`.`signo` (`idsigno`, `idversus`, `i`, `x`, `y`, `xi`, `yi`, `tipo`) VALUES (31, 2, 10, 230, 220, 230, 220, 1);
INSERT INTO `dados`.`signo` (`idsigno`, `idversus`, `i`, `x`, `y`, `xi`, `yi`, `tipo`) VALUES (32, 2, 11, 230, 220, 230, 220, 1);
INSERT INTO `dados`.`signo` (`idsigno`, `idversus`, `i`, `x`, `y`, `xi`, `yi`, `tipo`) VALUES (33, 2, 12, 310, 220, 310, 220, 1);
INSERT INTO `dados`.`signo` (`idsigno`, `idversus`, `i`, `x`, `y`, `xi`, `yi`, `tipo`) VALUES (34, 2, 13, 310, 220, 310, 220, 1);
INSERT INTO `dados`.`signo` (`idsigno`, `idversus`, `i`, `x`, `y`, `xi`, `yi`, `tipo`) VALUES (35, 2, 14, 280, 220, 280, 220, 1);
INSERT INTO `dados`.`signo` (`idsigno`, `idversus`, `i`, `x`, `y`, `xi`, `yi`, `tipo`) VALUES (36, 2, 15, 280, 220, 280, 220, 1);
INSERT INTO `dados`.`signo` (`idsigno`, `idversus`, `i`, `x`, `y`, `xi`, `yi`, `tipo`) VALUES (17, 1, 0, 60, 160, 60, 160, 0);
INSERT INTO `dados`.`signo` (`idsigno`, `idversus`, `i`, `x`, `y`, `xi`, `yi`, `tipo`) VALUES (18, 1, 1, 135, 160, 135, 160, 0);
INSERT INTO `dados`.`signo` (`idsigno`, `idversus`, `i`, `x`, `y`, `xi`, `yi`, `tipo`) VALUES (19, 1, 2, 210, 160, 210, 160, 0);
INSERT INTO `dados`.`signo` (`idsigno`, `idversus`, `i`, `x`, `y`, `xi`, `yi`, `tipo`) VALUES (20, 1, 3, 285, 160, 285, 160, 0);
INSERT INTO `dados`.`signo` (`idsigno`, `idversus`, `i`, `x`, `y`, `xi`, `yi`, `tipo`) VALUES (37, 2, 0, 60, 160, 60, 160, 0);
INSERT INTO `dados`.`signo` (`idsigno`, `idversus`, `i`, `x`, `y`, `xi`, `yi`, `tipo`) VALUES (38, 2, 1, 135, 160, 135, 160, 0);
INSERT INTO `dados`.`signo` (`idsigno`, `idversus`, `i`, `x`, `y`, `xi`, `yi`, `tipo`) VALUES (39, 2, 2, 210, 160, 210, 160, 0);
INSERT INTO `dados`.`signo` (`idsigno`, `idversus`, `i`, `x`, `y`, `xi`, `yi`, `tipo`) VALUES (40, 2, 3, 285, 160, 285, 160, 0);

COMMIT;


-- -----------------------------------------------------
-- Data for table `dados`.`diagnostico`
-- -----------------------------------------------------
START TRANSACTION;
USE `dados`;
INSERT INTO `dados`.`diagnostico` (`iddiagnostico`, `idestudiante`, `fechainicio`, `fechafin`) VALUES (1, 1, NULL, NULL);
INSERT INTO `dados`.`diagnostico` (`iddiagnostico`, `idestudiante`, `fechainicio`, `fechafin`) VALUES (2, 2, NULL, NULL);
INSERT INTO `dados`.`diagnostico` (`iddiagnostico`, `idestudiante`, `fechainicio`, `fechafin`) VALUES (3, 3, NULL, NULL);
INSERT INTO `dados`.`diagnostico` (`iddiagnostico`, `idestudiante`, `fechainicio`, `fechafin`) VALUES (4, 4, NULL, NULL);
INSERT INTO `dados`.`diagnostico` (`iddiagnostico`, `idestudiante`, `fechainicio`, `fechafin`) VALUES (5, 5, NULL, NULL);
INSERT INTO `dados`.`diagnostico` (`iddiagnostico`, `idestudiante`, `fechainicio`, `fechafin`) VALUES (6, 6, NULL, NULL);
INSERT INTO `dados`.`diagnostico` (`iddiagnostico`, `idestudiante`, `fechainicio`, `fechafin`) VALUES (7, 7, NULL, NULL);
INSERT INTO `dados`.`diagnostico` (`iddiagnostico`, `idestudiante`, `fechainicio`, `fechafin`) VALUES (8, 8, NULL, NULL);
INSERT INTO `dados`.`diagnostico` (`iddiagnostico`, `idestudiante`, `fechainicio`, `fechafin`) VALUES (9, 9, NULL, NULL);
INSERT INTO `dados`.`diagnostico` (`iddiagnostico`, `idestudiante`, `fechainicio`, `fechafin`) VALUES (10, 10, NULL, NULL);
INSERT INTO `dados`.`diagnostico` (`iddiagnostico`, `idestudiante`, `fechainicio`, `fechafin`) VALUES (11, 11, NULL, NULL);
INSERT INTO `dados`.`diagnostico` (`iddiagnostico`, `idestudiante`, `fechainicio`, `fechafin`) VALUES (12, 12, NULL, NULL);
INSERT INTO `dados`.`diagnostico` (`iddiagnostico`, `idestudiante`, `fechainicio`, `fechafin`) VALUES (13, 13, NULL, NULL);
INSERT INTO `dados`.`diagnostico` (`iddiagnostico`, `idestudiante`, `fechainicio`, `fechafin`) VALUES (14, 14, NULL, NULL);
INSERT INTO `dados`.`diagnostico` (`iddiagnostico`, `idestudiante`, `fechainicio`, `fechafin`) VALUES (15, 15, NULL, NULL);
INSERT INTO `dados`.`diagnostico` (`iddiagnostico`, `idestudiante`, `fechainicio`, `fechafin`) VALUES (16, 16, NULL, NULL);
INSERT INTO `dados`.`diagnostico` (`iddiagnostico`, `idestudiante`, `fechainicio`, `fechafin`) VALUES (17, 17, NULL, NULL);
INSERT INTO `dados`.`diagnostico` (`iddiagnostico`, `idestudiante`, `fechainicio`, `fechafin`) VALUES (18, 18, NULL, NULL);
INSERT INTO `dados`.`diagnostico` (`iddiagnostico`, `idestudiante`, `fechainicio`, `fechafin`) VALUES (19, 19, NULL, NULL);
INSERT INTO `dados`.`diagnostico` (`iddiagnostico`, `idestudiante`, `fechainicio`, `fechafin`) VALUES (20, 20, NULL, NULL);
INSERT INTO `dados`.`diagnostico` (`iddiagnostico`, `idestudiante`, `fechainicio`, `fechafin`) VALUES (21, 21, NULL, NULL);
INSERT INTO `dados`.`diagnostico` (`iddiagnostico`, `idestudiante`, `fechainicio`, `fechafin`) VALUES (22, 22, NULL, NULL);
INSERT INTO `dados`.`diagnostico` (`iddiagnostico`, `idestudiante`, `fechainicio`, `fechafin`) VALUES (23, 23, NULL, NULL);
INSERT INTO `dados`.`diagnostico` (`iddiagnostico`, `idestudiante`, `fechainicio`, `fechafin`) VALUES (24, 24, NULL, NULL);
INSERT INTO `dados`.`diagnostico` (`iddiagnostico`, `idestudiante`, `fechainicio`, `fechafin`) VALUES (25, 25, NULL, NULL);
INSERT INTO `dados`.`diagnostico` (`iddiagnostico`, `idestudiante`, `fechainicio`, `fechafin`) VALUES (26, 26, NULL, NULL);
INSERT INTO `dados`.`diagnostico` (`iddiagnostico`, `idestudiante`, `fechainicio`, `fechafin`) VALUES (27, 27, NULL, NULL);
INSERT INTO `dados`.`diagnostico` (`iddiagnostico`, `idestudiante`, `fechainicio`, `fechafin`) VALUES (28, 28, NULL, NULL);
INSERT INTO `dados`.`diagnostico` (`iddiagnostico`, `idestudiante`, `fechainicio`, `fechafin`) VALUES (29, 29, NULL, NULL);
INSERT INTO `dados`.`diagnostico` (`iddiagnostico`, `idestudiante`, `fechainicio`, `fechafin`) VALUES (30, 30, NULL, NULL);
INSERT INTO `dados`.`diagnostico` (`iddiagnostico`, `idestudiante`, `fechainicio`, `fechafin`) VALUES (31, 31, NULL, NULL);
INSERT INTO `dados`.`diagnostico` (`iddiagnostico`, `idestudiante`, `fechainicio`, `fechafin`) VALUES (32, 32, NULL, NULL);
INSERT INTO `dados`.`diagnostico` (`iddiagnostico`, `idestudiante`, `fechainicio`, `fechafin`) VALUES (33, 33, NULL, NULL);
INSERT INTO `dados`.`diagnostico` (`iddiagnostico`, `idestudiante`, `fechainicio`, `fechafin`) VALUES (34, 34, NULL, NULL);
INSERT INTO `dados`.`diagnostico` (`iddiagnostico`, `idestudiante`, `fechainicio`, `fechafin`) VALUES (35, 35, NULL, NULL);
INSERT INTO `dados`.`diagnostico` (`iddiagnostico`, `idestudiante`, `fechainicio`, `fechafin`) VALUES (36, 36, NULL, NULL);
INSERT INTO `dados`.`diagnostico` (`iddiagnostico`, `idestudiante`, `fechainicio`, `fechafin`) VALUES (37, 37, NULL, NULL);
INSERT INTO `dados`.`diagnostico` (`iddiagnostico`, `idestudiante`, `fechainicio`, `fechafin`) VALUES (38, 38, NULL, NULL);
INSERT INTO `dados`.`diagnostico` (`iddiagnostico`, `idestudiante`, `fechainicio`, `fechafin`) VALUES (39, 39, NULL, NULL);
INSERT INTO `dados`.`diagnostico` (`iddiagnostico`, `idestudiante`, `fechainicio`, `fechafin`) VALUES (40, 40, NULL, NULL);
INSERT INTO `dados`.`diagnostico` (`iddiagnostico`, `idestudiante`, `fechainicio`, `fechafin`) VALUES (41, 41, NULL, NULL);
INSERT INTO `dados`.`diagnostico` (`iddiagnostico`, `idestudiante`, `fechainicio`, `fechafin`) VALUES (42, 42, NULL, NULL);
INSERT INTO `dados`.`diagnostico` (`iddiagnostico`, `idestudiante`, `fechainicio`, `fechafin`) VALUES (43, 43, NULL, NULL);
INSERT INTO `dados`.`diagnostico` (`iddiagnostico`, `idestudiante`, `fechainicio`, `fechafin`) VALUES (44, 44, NULL, NULL);
INSERT INTO `dados`.`diagnostico` (`iddiagnostico`, `idestudiante`, `fechainicio`, `fechafin`) VALUES (45, 45, NULL, NULL);
INSERT INTO `dados`.`diagnostico` (`iddiagnostico`, `idestudiante`, `fechainicio`, `fechafin`) VALUES (46, 46, NULL, NULL);
INSERT INTO `dados`.`diagnostico` (`iddiagnostico`, `idestudiante`, `fechainicio`, `fechafin`) VALUES (47, 47, NULL, NULL);
INSERT INTO `dados`.`diagnostico` (`iddiagnostico`, `idestudiante`, `fechainicio`, `fechafin`) VALUES (48, 48, NULL, NULL);
INSERT INTO `dados`.`diagnostico` (`iddiagnostico`, `idestudiante`, `fechainicio`, `fechafin`) VALUES (49, 49, NULL, NULL);
INSERT INTO `dados`.`diagnostico` (`iddiagnostico`, `idestudiante`, `fechainicio`, `fechafin`) VALUES (50, 50, NULL, NULL);
INSERT INTO `dados`.`diagnostico` (`iddiagnostico`, `idestudiante`, `fechainicio`, `fechafin`) VALUES (51, 51, NULL, NULL);
INSERT INTO `dados`.`diagnostico` (`iddiagnostico`, `idestudiante`, `fechainicio`, `fechafin`) VALUES (52, 52, NULL, NULL);
INSERT INTO `dados`.`diagnostico` (`iddiagnostico`, `idestudiante`, `fechainicio`, `fechafin`) VALUES (53, 53, NULL, NULL);
INSERT INTO `dados`.`diagnostico` (`iddiagnostico`, `idestudiante`, `fechainicio`, `fechafin`) VALUES (54, 54, NULL, NULL);
INSERT INTO `dados`.`diagnostico` (`iddiagnostico`, `idestudiante`, `fechainicio`, `fechafin`) VALUES (55, 55, NULL, NULL);
INSERT INTO `dados`.`diagnostico` (`iddiagnostico`, `idestudiante`, `fechainicio`, `fechafin`) VALUES (56, 56, NULL, NULL);
INSERT INTO `dados`.`diagnostico` (`iddiagnostico`, `idestudiante`, `fechainicio`, `fechafin`) VALUES (57, 57, NULL, NULL);
INSERT INTO `dados`.`diagnostico` (`iddiagnostico`, `idestudiante`, `fechainicio`, `fechafin`) VALUES (58, 58, NULL, NULL);
INSERT INTO `dados`.`diagnostico` (`iddiagnostico`, `idestudiante`, `fechainicio`, `fechafin`) VALUES (59, 59, NULL, NULL);
INSERT INTO `dados`.`diagnostico` (`iddiagnostico`, `idestudiante`, `fechainicio`, `fechafin`) VALUES (60, 60, NULL, NULL);
INSERT INTO `dados`.`diagnostico` (`iddiagnostico`, `idestudiante`, `fechainicio`, `fechafin`) VALUES (61, 61, NULL, NULL);
INSERT INTO `dados`.`diagnostico` (`iddiagnostico`, `idestudiante`, `fechainicio`, `fechafin`) VALUES (62, 62, NULL, NULL);
INSERT INTO `dados`.`diagnostico` (`iddiagnostico`, `idestudiante`, `fechainicio`, `fechafin`) VALUES (63, 63, NULL, NULL);
INSERT INTO `dados`.`diagnostico` (`iddiagnostico`, `idestudiante`, `fechainicio`, `fechafin`) VALUES (64, 64, NULL, NULL);
INSERT INTO `dados`.`diagnostico` (`iddiagnostico`, `idestudiante`, `fechainicio`, `fechafin`) VALUES (65, 65, NULL, NULL);
INSERT INTO `dados`.`diagnostico` (`iddiagnostico`, `idestudiante`, `fechainicio`, `fechafin`) VALUES (66, 66, NULL, NULL);
INSERT INTO `dados`.`diagnostico` (`iddiagnostico`, `idestudiante`, `fechainicio`, `fechafin`) VALUES (67, 67, NULL, NULL);
INSERT INTO `dados`.`diagnostico` (`iddiagnostico`, `idestudiante`, `fechainicio`, `fechafin`) VALUES (68, 68, NULL, NULL);
INSERT INTO `dados`.`diagnostico` (`iddiagnostico`, `idestudiante`, `fechainicio`, `fechafin`) VALUES (69, 69, NULL, NULL);
INSERT INTO `dados`.`diagnostico` (`iddiagnostico`, `idestudiante`, `fechainicio`, `fechafin`) VALUES (70, 70, NULL, NULL);
INSERT INTO `dados`.`diagnostico` (`iddiagnostico`, `idestudiante`, `fechainicio`, `fechafin`) VALUES (71, 71, NULL, NULL);
INSERT INTO `dados`.`diagnostico` (`iddiagnostico`, `idestudiante`, `fechainicio`, `fechafin`) VALUES (72, 72, NULL, NULL);
INSERT INTO `dados`.`diagnostico` (`iddiagnostico`, `idestudiante`, `fechainicio`, `fechafin`) VALUES (73, 73, NULL, NULL);
INSERT INTO `dados`.`diagnostico` (`iddiagnostico`, `idestudiante`, `fechainicio`, `fechafin`) VALUES (74, 74, NULL, NULL);
INSERT INTO `dados`.`diagnostico` (`iddiagnostico`, `idestudiante`, `fechainicio`, `fechafin`) VALUES (75, 75, NULL, NULL);
INSERT INTO `dados`.`diagnostico` (`iddiagnostico`, `idestudiante`, `fechainicio`, `fechafin`) VALUES (76, 76, NULL, NULL);
INSERT INTO `dados`.`diagnostico` (`iddiagnostico`, `idestudiante`, `fechainicio`, `fechafin`) VALUES (77, 77, NULL, NULL);
INSERT INTO `dados`.`diagnostico` (`iddiagnostico`, `idestudiante`, `fechainicio`, `fechafin`) VALUES (78, 78, NULL, NULL);
INSERT INTO `dados`.`diagnostico` (`iddiagnostico`, `idestudiante`, `fechainicio`, `fechafin`) VALUES (79, 79, NULL, NULL);
INSERT INTO `dados`.`diagnostico` (`iddiagnostico`, `idestudiante`, `fechainicio`, `fechafin`) VALUES (80, 80, NULL, NULL);
INSERT INTO `dados`.`diagnostico` (`iddiagnostico`, `idestudiante`, `fechainicio`, `fechafin`) VALUES (81, 81, NULL, NULL);
INSERT INTO `dados`.`diagnostico` (`iddiagnostico`, `idestudiante`, `fechainicio`, `fechafin`) VALUES (82, 82, NULL, NULL);
INSERT INTO `dados`.`diagnostico` (`iddiagnostico`, `idestudiante`, `fechainicio`, `fechafin`) VALUES (83, 83, NULL, NULL);
INSERT INTO `dados`.`diagnostico` (`iddiagnostico`, `idestudiante`, `fechainicio`, `fechafin`) VALUES (84, 84, NULL, NULL);
INSERT INTO `dados`.`diagnostico` (`iddiagnostico`, `idestudiante`, `fechainicio`, `fechafin`) VALUES (85, 85, NULL, NULL);
INSERT INTO `dados`.`diagnostico` (`iddiagnostico`, `idestudiante`, `fechainicio`, `fechafin`) VALUES (86, 86, NULL, NULL);
INSERT INTO `dados`.`diagnostico` (`iddiagnostico`, `idestudiante`, `fechainicio`, `fechafin`) VALUES (87, 87, NULL, NULL);
INSERT INTO `dados`.`diagnostico` (`iddiagnostico`, `idestudiante`, `fechainicio`, `fechafin`) VALUES (88, 88, NULL, NULL);
INSERT INTO `dados`.`diagnostico` (`iddiagnostico`, `idestudiante`, `fechainicio`, `fechafin`) VALUES (89, 89, NULL, NULL);
INSERT INTO `dados`.`diagnostico` (`iddiagnostico`, `idestudiante`, `fechainicio`, `fechafin`) VALUES (90, 90, NULL, NULL);
INSERT INTO `dados`.`diagnostico` (`iddiagnostico`, `idestudiante`, `fechainicio`, `fechafin`) VALUES (91, 91, NULL, NULL);
INSERT INTO `dados`.`diagnostico` (`iddiagnostico`, `idestudiante`, `fechainicio`, `fechafin`) VALUES (92, 92, NULL, NULL);
INSERT INTO `dados`.`diagnostico` (`iddiagnostico`, `idestudiante`, `fechainicio`, `fechafin`) VALUES (93, 93, NULL, NULL);
INSERT INTO `dados`.`diagnostico` (`iddiagnostico`, `idestudiante`, `fechainicio`, `fechafin`) VALUES (94, 94, NULL, NULL);
INSERT INTO `dados`.`diagnostico` (`iddiagnostico`, `idestudiante`, `fechainicio`, `fechafin`) VALUES (95, 95, NULL, NULL);
INSERT INTO `dados`.`diagnostico` (`iddiagnostico`, `idestudiante`, `fechainicio`, `fechafin`) VALUES (96, 96, NULL, NULL);
INSERT INTO `dados`.`diagnostico` (`iddiagnostico`, `idestudiante`, `fechainicio`, `fechafin`) VALUES (97, 97, NULL, NULL);
INSERT INTO `dados`.`diagnostico` (`iddiagnostico`, `idestudiante`, `fechainicio`, `fechafin`) VALUES (98, 98, NULL, NULL);
INSERT INTO `dados`.`diagnostico` (`iddiagnostico`, `idestudiante`, `fechainicio`, `fechafin`) VALUES (99, 99, NULL, NULL);
INSERT INTO `dados`.`diagnostico` (`iddiagnostico`, `idestudiante`, `fechainicio`, `fechafin`) VALUES (100, 100, NULL, NULL);
INSERT INTO `dados`.`diagnostico` (`iddiagnostico`, `idestudiante`, `fechainicio`, `fechafin`) VALUES (101, 101, NULL, NULL);
INSERT INTO `dados`.`diagnostico` (`iddiagnostico`, `idestudiante`, `fechainicio`, `fechafin`) VALUES (102, 102, NULL, NULL);
INSERT INTO `dados`.`diagnostico` (`iddiagnostico`, `idestudiante`, `fechainicio`, `fechafin`) VALUES (103, 103, NULL, NULL);
INSERT INTO `dados`.`diagnostico` (`iddiagnostico`, `idestudiante`, `fechainicio`, `fechafin`) VALUES (104, 104, NULL, NULL);
INSERT INTO `dados`.`diagnostico` (`iddiagnostico`, `idestudiante`, `fechainicio`, `fechafin`) VALUES (105, 105, NULL, NULL);
INSERT INTO `dados`.`diagnostico` (`iddiagnostico`, `idestudiante`, `fechainicio`, `fechafin`) VALUES (106, 106, NULL, NULL);
INSERT INTO `dados`.`diagnostico` (`iddiagnostico`, `idestudiante`, `fechainicio`, `fechafin`) VALUES (107, 107, NULL, NULL);
INSERT INTO `dados`.`diagnostico` (`iddiagnostico`, `idestudiante`, `fechainicio`, `fechafin`) VALUES (108, 108, NULL, NULL);
INSERT INTO `dados`.`diagnostico` (`iddiagnostico`, `idestudiante`, `fechainicio`, `fechafin`) VALUES (109, 109, NULL, NULL);
INSERT INTO `dados`.`diagnostico` (`iddiagnostico`, `idestudiante`, `fechainicio`, `fechafin`) VALUES (110, 110, NULL, NULL);
INSERT INTO `dados`.`diagnostico` (`iddiagnostico`, `idestudiante`, `fechainicio`, `fechafin`) VALUES (111, 111, NULL, NULL);
INSERT INTO `dados`.`diagnostico` (`iddiagnostico`, `idestudiante`, `fechainicio`, `fechafin`) VALUES (112, 112, NULL, NULL);
INSERT INTO `dados`.`diagnostico` (`iddiagnostico`, `idestudiante`, `fechainicio`, `fechafin`) VALUES (113, 113, NULL, NULL);
INSERT INTO `dados`.`diagnostico` (`iddiagnostico`, `idestudiante`, `fechainicio`, `fechafin`) VALUES (114, 114, NULL, NULL);
INSERT INTO `dados`.`diagnostico` (`iddiagnostico`, `idestudiante`, `fechainicio`, `fechafin`) VALUES (115, 115, NULL, NULL);
INSERT INTO `dados`.`diagnostico` (`iddiagnostico`, `idestudiante`, `fechainicio`, `fechafin`) VALUES (116, 116, NULL, NULL);
INSERT INTO `dados`.`diagnostico` (`iddiagnostico`, `idestudiante`, `fechainicio`, `fechafin`) VALUES (117, 117, NULL, NULL);
INSERT INTO `dados`.`diagnostico` (`iddiagnostico`, `idestudiante`, `fechainicio`, `fechafin`) VALUES (118, 118, NULL, NULL);
INSERT INTO `dados`.`diagnostico` (`iddiagnostico`, `idestudiante`, `fechainicio`, `fechafin`) VALUES (119, 119, NULL, NULL);
INSERT INTO `dados`.`diagnostico` (`iddiagnostico`, `idestudiante`, `fechainicio`, `fechafin`) VALUES (120, 120, NULL, NULL);
INSERT INTO `dados`.`diagnostico` (`iddiagnostico`, `idestudiante`, `fechainicio`, `fechafin`) VALUES (121, 121, NULL, NULL);
INSERT INTO `dados`.`diagnostico` (`iddiagnostico`, `idestudiante`, `fechainicio`, `fechafin`) VALUES (122, 122, NULL, NULL);
INSERT INTO `dados`.`diagnostico` (`iddiagnostico`, `idestudiante`, `fechainicio`, `fechafin`) VALUES (123, 123, NULL, NULL);
INSERT INTO `dados`.`diagnostico` (`iddiagnostico`, `idestudiante`, `fechainicio`, `fechafin`) VALUES (124, 124, NULL, NULL);
INSERT INTO `dados`.`diagnostico` (`iddiagnostico`, `idestudiante`, `fechainicio`, `fechafin`) VALUES (125, 125, NULL, NULL);
INSERT INTO `dados`.`diagnostico` (`iddiagnostico`, `idestudiante`, `fechainicio`, `fechafin`) VALUES (126, 126, NULL, NULL);
INSERT INTO `dados`.`diagnostico` (`iddiagnostico`, `idestudiante`, `fechainicio`, `fechafin`) VALUES (127, 127, NULL, NULL);
INSERT INTO `dados`.`diagnostico` (`iddiagnostico`, `idestudiante`, `fechainicio`, `fechafin`) VALUES (128, 128, NULL, NULL);
INSERT INTO `dados`.`diagnostico` (`iddiagnostico`, `idestudiante`, `fechainicio`, `fechafin`) VALUES (129, 129, NULL, NULL);
INSERT INTO `dados`.`diagnostico` (`iddiagnostico`, `idestudiante`, `fechainicio`, `fechafin`) VALUES (130, 130, NULL, NULL);
INSERT INTO `dados`.`diagnostico` (`iddiagnostico`, `idestudiante`, `fechainicio`, `fechafin`) VALUES (131, 131, NULL, NULL);
INSERT INTO `dados`.`diagnostico` (`iddiagnostico`, `idestudiante`, `fechainicio`, `fechafin`) VALUES (132, 132, NULL, NULL);
INSERT INTO `dados`.`diagnostico` (`iddiagnostico`, `idestudiante`, `fechainicio`, `fechafin`) VALUES (133, 133, NULL, NULL);
INSERT INTO `dados`.`diagnostico` (`iddiagnostico`, `idestudiante`, `fechainicio`, `fechafin`) VALUES (134, 134, NULL, NULL);
INSERT INTO `dados`.`diagnostico` (`iddiagnostico`, `idestudiante`, `fechainicio`, `fechafin`) VALUES (135, 135, NULL, NULL);
INSERT INTO `dados`.`diagnostico` (`iddiagnostico`, `idestudiante`, `fechainicio`, `fechafin`) VALUES (136, 136, NULL, NULL);
INSERT INTO `dados`.`diagnostico` (`iddiagnostico`, `idestudiante`, `fechainicio`, `fechafin`) VALUES (137, 137, NULL, NULL);
INSERT INTO `dados`.`diagnostico` (`iddiagnostico`, `idestudiante`, `fechainicio`, `fechafin`) VALUES (138, 138, NULL, NULL);
INSERT INTO `dados`.`diagnostico` (`iddiagnostico`, `idestudiante`, `fechainicio`, `fechafin`) VALUES (139, 139, NULL, NULL);

COMMIT;


-- -----------------------------------------------------
-- Data for table `dados`.`preguntabase`
-- -----------------------------------------------------
START TRANSACTION;
USE `dados`;
INSERT INTO `dados`.`preguntabase` (`idpreguntabase`, `dadouno`, `dadodos`, `dadotres`, `dadocuatro`, `numero`) VALUES (1, 6, 6, 2, 4, 6);
INSERT INTO `dados`.`preguntabase` (`idpreguntabase`, `dadouno`, `dadodos`, `dadotres`, `dadocuatro`, `numero`) VALUES (2, 2, 5, 2, 6, 14);
INSERT INTO `dados`.`preguntabase` (`idpreguntabase`, `dadouno`, `dadodos`, `dadotres`, `dadocuatro`, `numero`) VALUES (3, 5, 6, 2, 4, 13);
INSERT INTO `dados`.`preguntabase` (`idpreguntabase`, `dadouno`, `dadodos`, `dadotres`, `dadocuatro`, `numero`) VALUES (4, 3, 6, 3, 2, 12);
INSERT INTO `dados`.`preguntabase` (`idpreguntabase`, `dadouno`, `dadodos`, `dadotres`, `dadocuatro`, `numero`) VALUES (5, 5, 4, 3, 2, 5);
INSERT INTO `dados`.`preguntabase` (`idpreguntabase`, `dadouno`, `dadodos`, `dadotres`, `dadocuatro`, `numero`) VALUES (6, 4, 4, 2, 1, 8);
INSERT INTO `dados`.`preguntabase` (`idpreguntabase`, `dadouno`, `dadodos`, `dadotres`, `dadocuatro`, `numero`) VALUES (7, 4, 3, 6, 2, 12);
INSERT INTO `dados`.`preguntabase` (`idpreguntabase`, `dadouno`, `dadodos`, `dadotres`, `dadocuatro`, `numero`) VALUES (8, 5, 4, 6, 6, 9);
INSERT INTO `dados`.`preguntabase` (`idpreguntabase`, `dadouno`, `dadodos`, `dadotres`, `dadocuatro`, `numero`) VALUES (9, 5, 4, 5, 3, 13);
INSERT INTO `dados`.`preguntabase` (`idpreguntabase`, `dadouno`, `dadodos`, `dadotres`, `dadocuatro`, `numero`) VALUES (10, 5, 4, 6, 2, 5);

COMMIT;


-- -----------------------------------------------------
-- Data for table `dados`.`registro_estudiante`
-- -----------------------------------------------------
START TRANSACTION;
USE `dados`;
INSERT INTO `dados`.`registro_estudiante` (`habilitado`) VALUES (1);

COMMIT;

